[
  {
    "id": "bff2af61-d4b0-4147-8a5b-ff4fe1892559",
    "validity": false,
    "prob_valid": 0.0102996826171875,
    "seed": 100,
    "val_acc": 0.96875
  },
  {
    "id": "f36a4ca3-3b69-4869-a152-deaa7e0fdad4",
    "validity": false,
    "prob_valid": 4.6372413635253906e-05,
    "seed": 100,
    "val_acc": 0.96875
  },
  {
    "id": "e773bd8c-fa53-4e9c-8ec6-7d978e0601ac",
    "validity": true,
    "prob_valid": 0.97021484375,
    "seed": 100,
    "val_acc": 0.96875
  },
  {
    "id": "a2fcf47a-5df0-405d-86ce-ed8629f387a9",
    "validity": false,
    "prob_valid": 3.039836883544922e-06,
    "seed": 100,
    "val_acc": 0.96875
  },
  {
    "id": "6e5f055f-06e4-40f3-a45b-52b7d9292d60",
    "validity": true,
    "prob_valid": 0.9990234375,
    "seed": 100,
    "val_acc": 0.96875
  },
  {
    "id": "80a62ff2-1bc5-48e6-bc9f-f877690852fc",
    "validity": false,
    "prob_valid": 2.5987625122070312e-05,
    "seed": 100,
    "val_acc": 0.96875
  },
  {
    "id": "b73d8e0e-782e-4e60-866b-595cf13a3421",
    "validity": false,
    "prob_valid": 8.344650268554688e-06,
    "seed": 100,
    "val_acc": 0.96875
  },
  {
    "id": "fd552276-66bf-45da-8cea-67192fe99fc3",
    "validity": true,
    "prob_valid": 1.0,
    "seed": 100,
    "val_acc": 0.96875
  },
  {
    "id": "8041eb99-e73f-46ca-a2d7-9aefd2c6c0b1",
    "validity": true,
    "prob_valid": 0.99365234375,
    "seed": 100,
    "val_acc": 0.96875
  },
  {
    "id": "ad09c938-3d1d-4d5e-b75f-04fb0098ba43",
    "validity": false,
    "prob_valid": 8.314847946166992e-05,
    "seed": 100,
    "val_acc": 0.96875
  },
  {
    "id": "af77d792-0970-4650-8ccf-4218f7685b37",
    "validity": false,
    "prob_valid": 1.9669532775878906e-06,
    "seed": 100,
    "val_acc": 0.96875
  },
  {
    "id": "9ee7aff6-1237-4e93-b3e4-08434de41ede",
    "validity": false,
    "prob_valid": 2.384185791015625e-07,
    "seed": 100,
    "val_acc": 0.96875
  },
  {
    "id": "552b33b2-6a6a-4a10-8a76-5d0d7c3d35ff",
    "validity": false,
    "prob_valid": 3.0219554901123047e-05,
    "seed": 100,
    "val_acc": 0.96875
  },
  {
    "id": "41ee96a0-4400-4ba7-a4b3-54d49b5942cc",
    "validity": true,
    "prob_valid": 0.99853515625,
    "seed": 100,
    "val_acc": 0.96875
  },
  {
    "id": "f682283e-eb75-47d9-9e48-ca918d7c3737",
    "validity": false,
    "prob_valid": 0.00186920166015625,
    "seed": 100,
    "val_acc": 0.96875
  },
  {
    "id": "5260247f-b290-4bae-8d0c-a6c988d3d610",
    "validity": true,
    "prob_valid": 0.99951171875,
    "seed": 100,
    "val_acc": 0.96875
  },
  {
    "id": "f80a357f-3815-474b-b77a-9d1c6a3b9bd2",
    "validity": false,
    "prob_valid": 2.1457672119140625e-06,
    "seed": 100,
    "val_acc": 0.96875
  },
  {
    "id": "581fa853-f1e1-4450-8716-be9e17623a21",
    "validity": false,
    "prob_valid": 3.337860107421875e-06,
    "seed": 100,
    "val_acc": 0.96875
  },
  {
    "id": "1d4bc4d0-df5b-4f46-9972-dd906f3c3754",
    "validity": false,
    "prob_valid": 8.046627044677734e-06,
    "seed": 100,
    "val_acc": 0.96875
  },
  {
    "id": "cc8b1d14-79aa-445e-929c-ec3043229103",
    "validity": true,
    "prob_valid": 0.99951171875,
    "seed": 100,
    "val_acc": 0.96875
  },
  {
    "id": "220a2d26-0db4-4e78-9143-2c9d1fbdac66",
    "validity": true,
    "prob_valid": 0.990234375,
    "seed": 100,
    "val_acc": 0.96875
  },
  {
    "id": "6a190af4-111a-4b3e-94bc-4a2efa1d8b8d",
    "validity": false,
    "prob_valid": 1.627206802368164e-05,
    "seed": 100,
    "val_acc": 0.96875
  },
  {
    "id": "d1da6110-d78a-4f0b-9499-5740d031bdf5",
    "validity": true,
    "prob_valid": 0.9990234375,
    "seed": 100,
    "val_acc": 0.96875
  },
  {
    "id": "2d78480d-7948-48a1-8461-518121b355d2",
    "validity": true,
    "prob_valid": 0.994140625,
    "seed": 100,
    "val_acc": 0.96875
  },
  {
    "id": "b479b2a2-7e13-4c4d-9269-fad1e3fd5220",
    "validity": true,
    "prob_valid": 0.98828125,
    "seed": 100,
    "val_acc": 0.96875
  },
  {
    "id": "597a91fd-1f07-45d9-9278-a8660622accc",
    "validity": true,
    "prob_valid": 0.99951171875,
    "seed": 100,
    "val_acc": 0.96875
  },
  {
    "id": "ef762aac-30b4-4fb4-9ac6-012cdf463dc6",
    "validity": true,
    "prob_valid": 0.9990234375,
    "seed": 100,
    "val_acc": 0.96875
  },
  {
    "id": "1f38851f-b43f-42ee-a77a-dafeb7a3b29d",
    "validity": true,
    "prob_valid": 0.99951171875,
    "seed": 100,
    "val_acc": 0.96875
  },
  {
    "id": "e585282c-a9ed-4cc1-b9e0-52db572a0f07",
    "validity": true,
    "prob_valid": 0.998046875,
    "seed": 100,
    "val_acc": 0.96875
  },
  {
    "id": "195b8204-13fb-460d-9b86-16a1cf946ffa",
    "validity": true,
    "prob_valid": 1.0,
    "seed": 100,
    "val_acc": 0.96875
  },
  {
    "id": "370fc136-33be-4129-bf71-b557576fc5d2",
    "validity": true,
    "prob_valid": 0.99951171875,
    "seed": 100,
    "val_acc": 0.96875
  },
  {
    "id": "c690ad4e-b9a5-4410-80ac-5f97894dedff",
    "validity": true,
    "prob_valid": 1.0,
    "seed": 100,
    "val_acc": 0.96875
  },
  {
    "id": "fb637f9c-1c26-4302-9c01-94c061bd352c",
    "validity": false,
    "prob_valid": 0.029449462890625,
    "seed": 100,
    "val_acc": 0.96875
  },
  {
    "id": "e1b00475-03d2-4149-9ca3-2ab601f34aea",
    "validity": true,
    "prob_valid": 0.9990234375,
    "seed": 100,
    "val_acc": 0.96875
  },
  {
    "id": "ed73250f-c7ad-4976-8c45-d9bf6ece787b",
    "validity": true,
    "prob_valid": 0.9990234375,
    "seed": 100,
    "val_acc": 0.96875
  },
  {
    "id": "6a9dff3f-07fb-4a68-9fe0-5f3b51d9ffeb",
    "validity": false,
    "prob_valid": 1.9669532775878906e-06,
    "seed": 100,
    "val_acc": 0.96875
  },
  {
    "id": "58670ea6-d7d3-439a-847a-0e77bf9d5c53",
    "validity": false,
    "prob_valid": 1.704692840576172e-05,
    "seed": 100,
    "val_acc": 0.96875
  },
  {
    "id": "61549447-98e0-4960-b618-37958c570ba6",
    "validity": false,
    "prob_valid": 3.159046173095703e-06,
    "seed": 100,
    "val_acc": 0.96875
  },
  {
    "id": "5fc96a8e-c3a3-467e-bca1-dfbc18827de1",
    "validity": true,
    "prob_valid": 1.0,
    "seed": 100,
    "val_acc": 0.96875
  },
  {
    "id": "8886fcb2-f5db-46e1-8cdb-2d698c838393",
    "validity": false,
    "prob_valid": 5.9604644775390625e-06,
    "seed": 100,
    "val_acc": 0.96875
  },
  {
    "id": "4d23820c-5d2c-4eec-b345-2b86b1fb58b7",
    "validity": false,
    "prob_valid": 1.621246337890625e-05,
    "seed": 100,
    "val_acc": 0.96875
  },
  {
    "id": "2c866578-204c-4f91-a6ef-faad0d188365",
    "validity": false,
    "prob_valid": 2.205371856689453e-05,
    "seed": 100,
    "val_acc": 0.96875
  },
  {
    "id": "5da917df-8760-476f-ae79-e20c20c61236",
    "validity": true,
    "prob_valid": 1.0,
    "seed": 100,
    "val_acc": 0.96875
  },
  {
    "id": "6480d136-bcb5-4aee-a91b-f1c0e828583e",
    "validity": true,
    "prob_valid": 0.97900390625,
    "seed": 100,
    "val_acc": 0.96875
  },
  {
    "id": "2c0190c9-f98c-46ce-88d2-275ee83f3b48",
    "validity": true,
    "prob_valid": 0.9970703125,
    "seed": 100,
    "val_acc": 0.96875
  },
  {
    "id": "828b05c2-09b0-4125-90db-ddb6707d6e05",
    "validity": true,
    "prob_valid": 0.98193359375,
    "seed": 100,
    "val_acc": 0.96875
  },
  {
    "id": "45fc2b0d-433e-407f-a574-cac2caa54b90",
    "validity": false,
    "prob_valid": 0.00010073184967041016,
    "seed": 100,
    "val_acc": 0.96875
  },
  {
    "id": "fc1a0164-31a4-48aa-ab9d-176a66b93bfe",
    "validity": false,
    "prob_valid": 8.225440979003906e-06,
    "seed": 100,
    "val_acc": 0.96875
  },
  {
    "id": "c62f852d-16fd-4eda-b380-b85d9a17f9e2",
    "validity": true,
    "prob_valid": 0.99462890625,
    "seed": 100,
    "val_acc": 0.96875
  },
  {
    "id": "eae77932-d7db-4ce8-b5b1-6c3c951ef553",
    "validity": false,
    "prob_valid": 0.00487518310546875,
    "seed": 100,
    "val_acc": 0.96875
  },
  {
    "id": "7f1f3231-3a3a-44fa-930f-ace6cf37147e",
    "validity": false,
    "prob_valid": 0.00030231475830078125,
    "seed": 100,
    "val_acc": 0.96875
  },
  {
    "id": "1426d859-baa5-484a-aa05-2615e8776499",
    "validity": false,
    "prob_valid": 0.0003237724304199219,
    "seed": 100,
    "val_acc": 0.96875
  },
  {
    "id": "45d4df27-8269-4ecb-9ead-f6571561f3d5",
    "validity": true,
    "prob_valid": 0.5302734375,
    "seed": 100,
    "val_acc": 0.96875
  },
  {
    "id": "bff3e296-9b17-4fd6-9403-293ff999cfd6",
    "validity": true,
    "prob_valid": 0.998046875,
    "seed": 100,
    "val_acc": 0.96875
  },
  {
    "id": "4ebc6f49-0176-42d3-9187-848df1dc6550",
    "validity": false,
    "prob_valid": 0.004657745361328125,
    "seed": 100,
    "val_acc": 0.96875
  },
  {
    "id": "414a3052-c533-4951-93ee-fdc29d633b0a",
    "validity": false,
    "prob_valid": 7.152557373046875e-07,
    "seed": 100,
    "val_acc": 0.96875
  },
  {
    "id": "5ebfe44f-39a9-43eb-b8c0-17f997639cd2",
    "validity": true,
    "prob_valid": 0.99951171875,
    "seed": 100,
    "val_acc": 0.96875
  },
  {
    "id": "8465dcda-98cb-4696-b8d5-9f04732f49ec",
    "validity": false,
    "prob_valid": 2.092123031616211e-05,
    "seed": 100,
    "val_acc": 0.96875
  },
  {
    "id": "77a82465-48a9-406f-b4ac-19ec40f5e053",
    "validity": false,
    "prob_valid": 2.6226043701171875e-06,
    "seed": 100,
    "val_acc": 0.96875
  },
  {
    "id": "c43abaf0-596e-4909-b2b1-03bd3327ac0d",
    "validity": true,
    "prob_valid": 0.75732421875,
    "seed": 100,
    "val_acc": 0.96875
  },
  {
    "id": "6725d344-7c13-4d44-a97d-a4a1b89f858d",
    "validity": false,
    "prob_valid": 0.0017309188842773438,
    "seed": 100,
    "val_acc": 0.96875
  },
  {
    "id": "730ad5ee-b19a-4d69-bad3-309f2f2ac775",
    "validity": false,
    "prob_valid": 1.430511474609375e-06,
    "seed": 100,
    "val_acc": 0.96875
  },
  {
    "id": "2df39c25-0b41-4a37-b760-c722aeea552f",
    "validity": false,
    "prob_valid": 1.4901161193847656e-06,
    "seed": 100,
    "val_acc": 0.96875
  },
  {
    "id": "837c9501-97f6-4bbd-bd87-ca004225d437",
    "validity": false,
    "prob_valid": 2.3126602172851562e-05,
    "seed": 100,
    "val_acc": 0.96875
  },
  {
    "id": "67fb622a-222a-44d1-9996-6ed551f6a79e",
    "validity": false,
    "prob_valid": 0.00022470951080322266,
    "seed": 100,
    "val_acc": 0.96875
  },
  {
    "id": "60d34241-6fa1-4b68-b747-73a5e2d5995d",
    "validity": true,
    "prob_valid": 0.91064453125,
    "seed": 100,
    "val_acc": 0.96875
  },
  {
    "id": "edd9d95e-5279-446f-bfeb-5c6360139e89",
    "validity": true,
    "prob_valid": 1.0,
    "seed": 100,
    "val_acc": 0.96875
  },
  {
    "id": "57104ec7-4729-408b-938d-d37ee5d81de8",
    "validity": true,
    "prob_valid": 0.99951171875,
    "seed": 100,
    "val_acc": 0.96875
  },
  {
    "id": "103e14a2-88ad-41b1-8d1f-7308698193ba",
    "validity": true,
    "prob_valid": 0.98583984375,
    "seed": 100,
    "val_acc": 0.96875
  },
  {
    "id": "96d1a6d5-85d5-4446-9d55-7160847cd49d",
    "validity": false,
    "prob_valid": 5.781650543212891e-06,
    "seed": 100,
    "val_acc": 0.96875
  },
  {
    "id": "2324e141-9d60-425e-a797-224e19395db0",
    "validity": true,
    "prob_valid": 0.9990234375,
    "seed": 100,
    "val_acc": 0.96875
  },
  {
    "id": "ad609a5a-b03c-4924-b217-680c76614f03",
    "validity": true,
    "prob_valid": 0.9970703125,
    "seed": 100,
    "val_acc": 0.96875
  },
  {
    "id": "989f0a8f-629c-40d6-a8ef-f31cc47d97ed",
    "validity": false,
    "prob_valid": 1.4901161193847656e-06,
    "seed": 100,
    "val_acc": 0.96875
  },
  {
    "id": "e6df12a9-03ea-4831-a9ea-2f7049e4daf9",
    "validity": false,
    "prob_valid": 4.9173831939697266e-05,
    "seed": 100,
    "val_acc": 0.96875
  },
  {
    "id": "bd01fc8a-394b-4833-9e2b-af5fa8d9e919",
    "validity": false,
    "prob_valid": 7.152557373046875e-07,
    "seed": 100,
    "val_acc": 0.96875
  },
  {
    "id": "026ddcfd-0279-455c-96fe-340672474b9f",
    "validity": true,
    "prob_valid": 1.0,
    "seed": 100,
    "val_acc": 0.96875
  },
  {
    "id": "2becb2e2-09ad-4468-91ab-59cd84985759",
    "validity": true,
    "prob_valid": 0.9873046875,
    "seed": 100,
    "val_acc": 0.96875
  },
  {
    "id": "4b3008e8-0b0d-4ea6-8765-de94774551ae",
    "validity": false,
    "prob_valid": 3.3974647521972656e-06,
    "seed": 100,
    "val_acc": 0.96875
  },
  {
    "id": "9c320004-80e7-4842-8b4d-87867ae29d08",
    "validity": true,
    "prob_valid": 0.9990234375,
    "seed": 100,
    "val_acc": 0.96875
  },
  {
    "id": "e0f02ca3-46a2-4cad-9a4d-29c030e0e1e3",
    "validity": true,
    "prob_valid": 0.99951171875,
    "seed": 100,
    "val_acc": 0.96875
  },
  {
    "id": "85d441e2-8d3c-4574-a16f-f48a9cbad676",
    "validity": true,
    "prob_valid": 0.9990234375,
    "seed": 100,
    "val_acc": 0.96875
  },
  {
    "id": "7e250e86-12a5-441f-8a5c-bd65f2cc79bf",
    "validity": true,
    "prob_valid": 1.0,
    "seed": 100,
    "val_acc": 0.96875
  },
  {
    "id": "60609ba7-37db-446f-a53c-e41568217236",
    "validity": false,
    "prob_valid": 2.980232238769531e-07,
    "seed": 100,
    "val_acc": 0.96875
  },
  {
    "id": "2148d9fc-c7e3-45b6-8429-e59d083350fb",
    "validity": true,
    "prob_valid": 0.55224609375,
    "seed": 100,
    "val_acc": 0.96875
  },
  {
    "id": "b6368b66-a4e2-4b6c-bcc3-7a04a3c0d604",
    "validity": true,
    "prob_valid": 0.98779296875,
    "seed": 100,
    "val_acc": 0.96875
  },
  {
    "id": "4787263f-def5-4639-a523-d3541a99fe8a",
    "validity": false,
    "prob_valid": 1.2099742889404297e-05,
    "seed": 100,
    "val_acc": 0.96875
  },
  {
    "id": "3864b331-e27b-45c0-9df1-2277f6c3bcf6",
    "validity": true,
    "prob_valid": 0.99658203125,
    "seed": 100,
    "val_acc": 0.96875
  },
  {
    "id": "400d39a6-3666-4806-8143-03dacb844452",
    "validity": false,
    "prob_valid": 8.940696716308594e-07,
    "seed": 100,
    "val_acc": 0.96875
  },
  {
    "id": "78a473a3-d129-4c4d-8434-a0fce13d0024",
    "validity": true,
    "prob_valid": 0.892578125,
    "seed": 100,
    "val_acc": 0.96875
  },
  {
    "id": "372bfeea-11fd-47ad-b489-0616b8d2cd30",
    "validity": true,
    "prob_valid": 0.99951171875,
    "seed": 100,
    "val_acc": 0.96875
  },
  {
    "id": "4a405609-338a-4f3e-ba58-bc6690f121db",
    "validity": true,
    "prob_valid": 0.9970703125,
    "seed": 100,
    "val_acc": 0.96875
  },
  {
    "id": "267064a3-db1a-4c57-a571-ce5c0c8f141e",
    "validity": false,
    "prob_valid": 5.9604644775390625e-06,
    "seed": 100,
    "val_acc": 0.96875
  },
  {
    "id": "7757fbfa-2895-462b-8af0-5fe5118ed0ff",
    "validity": true,
    "prob_valid": 0.70556640625,
    "seed": 100,
    "val_acc": 0.96875
  },
  {
    "id": "3c944a90-a461-4136-99dc-8ed0cf1d04b0",
    "validity": true,
    "prob_valid": 0.9990234375,
    "seed": 100,
    "val_acc": 0.96875
  },
  {
    "id": "8812a393-e0c1-40db-9b3f-9622636faf4c",
    "validity": false,
    "prob_valid": 4.112720489501953e-06,
    "seed": 100,
    "val_acc": 0.96875
  },
  {
    "id": "84a1bda0-cd40-40ce-bff4-4dffcc19e6f0",
    "validity": true,
    "prob_valid": 0.99951171875,
    "seed": 100,
    "val_acc": 0.96875
  },
  {
    "id": "0cc0d0ae-390a-4f5d-9a86-b88d6cb22f91",
    "validity": true,
    "prob_valid": 0.99853515625,
    "seed": 100,
    "val_acc": 0.96875
  },
  {
    "id": "821cda62-dee6-452f-ad54-8efdc614af27",
    "validity": false,
    "prob_valid": 0.0006413459777832031,
    "seed": 100,
    "val_acc": 0.96875
  },
  {
    "id": "0b4b4991-85ef-45dd-981a-4ab75398a0e7",
    "validity": true,
    "prob_valid": 1.0,
    "seed": 100,
    "val_acc": 0.96875
  },
  {
    "id": "d2bc4045-c226-4f0b-9b3a-32b3d8910b95",
    "validity": false,
    "prob_valid": 1.430511474609375e-06,
    "seed": 100,
    "val_acc": 0.96875
  },
  {
    "id": "3a2acb10-9c38-4a52-a0a0-b2bf04e3759a",
    "validity": true,
    "prob_valid": 0.99951171875,
    "seed": 100,
    "val_acc": 0.96875
  },
  {
    "id": "e4fb7540-5e00-4c53-9dfd-4e7050ae4dc6",
    "validity": true,
    "prob_valid": 1.0,
    "seed": 100,
    "val_acc": 0.96875
  },
  {
    "id": "ea6c2bc1-713a-45ad-85a4-cee85fd16552",
    "validity": true,
    "prob_valid": 0.9990234375,
    "seed": 100,
    "val_acc": 0.96875
  },
  {
    "id": "7bb6a410-346d-4f41-ba2a-349c3d9c3674",
    "validity": false,
    "prob_valid": 0.0013456344604492188,
    "seed": 100,
    "val_acc": 0.96875
  },
  {
    "id": "d15cb838-c7fd-4799-a715-f8fdb1572d56",
    "validity": true,
    "prob_valid": 1.0,
    "seed": 100,
    "val_acc": 0.96875
  },
  {
    "id": "c1c2bdfa-8151-4f68-ac0d-ad67118c1ea3",
    "validity": false,
    "prob_valid": 4.708766937255859e-06,
    "seed": 100,
    "val_acc": 0.96875
  },
  {
    "id": "4217eb31-60ef-4909-8bbd-aaf43dfd68db",
    "validity": true,
    "prob_valid": 0.9990234375,
    "seed": 100,
    "val_acc": 0.96875
  },
  {
    "id": "03cc2c62-68d9-4f7e-98ea-f3fae01cb2c1",
    "validity": false,
    "prob_valid": 3.88026237487793e-05,
    "seed": 100,
    "val_acc": 0.96875
  },
  {
    "id": "07920681-7c88-4bc7-8664-594779ff5ae4",
    "validity": false,
    "prob_valid": 7.033348083496094e-06,
    "seed": 100,
    "val_acc": 0.96875
  },
  {
    "id": "92193f8e-bb29-4c19-b647-5050c518f786",
    "validity": true,
    "prob_valid": 0.9990234375,
    "seed": 100,
    "val_acc": 0.96875
  },
  {
    "id": "3f18c212-16aa-4c72-bde9-d1bb4349ca50",
    "validity": true,
    "prob_valid": 0.98876953125,
    "seed": 100,
    "val_acc": 0.96875
  },
  {
    "id": "589ace73-14ef-480f-b0e0-77df273129d5",
    "validity": true,
    "prob_valid": 1.0,
    "seed": 100,
    "val_acc": 0.96875
  },
  {
    "id": "c869ec62-ccfd-47ab-b7bc-2cb24c86b835",
    "validity": false,
    "prob_valid": 1.1324882507324219e-06,
    "seed": 100,
    "val_acc": 0.96875
  },
  {
    "id": "331224ac-9f0e-4258-ab9d-8a3a73304e04",
    "validity": false,
    "prob_valid": 0.0208587646484375,
    "seed": 100,
    "val_acc": 0.96875
  },
  {
    "id": "56d2d008-769e-4361-be9a-70140b5796b3",
    "validity": false,
    "prob_valid": 3.2782554626464844e-06,
    "seed": 100,
    "val_acc": 0.96875
  },
  {
    "id": "0b026bf4-126a-47df-b0de-b388bd27cfbf",
    "validity": true,
    "prob_valid": 0.99560546875,
    "seed": 100,
    "val_acc": 0.96875
  },
  {
    "id": "6acd4cd7-9084-4650-be51-7486727c264e",
    "validity": true,
    "prob_valid": 0.99658203125,
    "seed": 100,
    "val_acc": 0.96875
  },
  {
    "id": "9d675913-128b-4451-9c9d-a397adcfef77",
    "validity": false,
    "prob_valid": 2.980232238769531e-07,
    "seed": 100,
    "val_acc": 0.96875
  },
  {
    "id": "8e2e1ec3-ffad-4df7-a36e-686e0e81b7fe",
    "validity": false,
    "prob_valid": 0.004058837890625,
    "seed": 100,
    "val_acc": 0.96875
  },
  {
    "id": "483eaa32-5436-45f5-aa44-6c5633679ba1",
    "validity": false,
    "prob_valid": 0.00034117698669433594,
    "seed": 100,
    "val_acc": 0.96875
  },
  {
    "id": "fc53be1a-0b75-4995-bcb2-bc3a878a0cb2",
    "validity": false,
    "prob_valid": 0.0001277923583984375,
    "seed": 100,
    "val_acc": 0.96875
  },
  {
    "id": "6936ce4a-9e83-488a-947d-66bb574f1789",
    "validity": false,
    "prob_valid": 2.9206275939941406e-06,
    "seed": 100,
    "val_acc": 0.96875
  },
  {
    "id": "f86ad9f5-da96-48cf-8f1b-eecff4855720",
    "validity": false,
    "prob_valid": 1.8477439880371094e-06,
    "seed": 100,
    "val_acc": 0.96875
  },
  {
    "id": "711debd8-26fc-42bc-916e-a7144ce10c7c",
    "validity": true,
    "prob_valid": 0.99365234375,
    "seed": 100,
    "val_acc": 0.96875
  },
  {
    "id": "7b2cf5cc-01ef-4c55-bba5-14b8554c88e7",
    "validity": true,
    "prob_valid": 0.98681640625,
    "seed": 100,
    "val_acc": 0.96875
  },
  {
    "id": "75606fbf-243c-4bf4-a2c9-b465e1dfc625",
    "validity": true,
    "prob_valid": 0.9990234375,
    "seed": 100,
    "val_acc": 0.96875
  },
  {
    "id": "817cdc8f-77b7-40f0-b530-534ff43e8157",
    "validity": true,
    "prob_valid": 0.998046875,
    "seed": 100,
    "val_acc": 0.96875
  },
  {
    "id": "c91be219-5600-47fb-b1fc-f035dd21b630",
    "validity": false,
    "prob_valid": 3.993511199951172e-06,
    "seed": 100,
    "val_acc": 0.96875
  },
  {
    "id": "197af586-bb35-4468-b95b-66f96fde54e8",
    "validity": true,
    "prob_valid": 0.99951171875,
    "seed": 100,
    "val_acc": 0.96875
  },
  {
    "id": "5da02e7d-f0ca-462a-9517-061b16eb5248",
    "validity": true,
    "prob_valid": 0.99169921875,
    "seed": 100,
    "val_acc": 0.96875
  },
  {
    "id": "ad259739-10fe-472e-87bb-6a8d488acfeb",
    "validity": true,
    "prob_valid": 0.86279296875,
    "seed": 100,
    "val_acc": 0.96875
  },
  {
    "id": "5f9dc1fd-7296-4337-bd26-73b8b1734c54",
    "validity": false,
    "prob_valid": 1.5795230865478516e-05,
    "seed": 100,
    "val_acc": 0.96875
  },
  {
    "id": "3b67d2a3-1245-4013-91d0-6463f2b41546",
    "validity": true,
    "prob_valid": 0.9990234375,
    "seed": 100,
    "val_acc": 0.96875
  },
  {
    "id": "f6da63f4-4a1e-4d79-8767-b7b8761a3a2e",
    "validity": false,
    "prob_valid": 9.059906005859375e-06,
    "seed": 100,
    "val_acc": 0.96875
  },
  {
    "id": "65729a20-e483-464d-873b-bdfb2041b484",
    "validity": false,
    "prob_valid": 5.364418029785156e-06,
    "seed": 100,
    "val_acc": 0.96875
  },
  {
    "id": "143a3ae4-83d7-4e39-9181-3de95956b6d1",
    "validity": true,
    "prob_valid": 0.9990234375,
    "seed": 100,
    "val_acc": 0.96875
  },
  {
    "id": "8f2faef7-397b-4544-b9e1-9e2221572866",
    "validity": false,
    "prob_valid": 0.000904083251953125,
    "seed": 100,
    "val_acc": 0.96875
  },
  {
    "id": "8e100be7-956f-46e7-a431-a884cc30b28c",
    "validity": false,
    "prob_valid": 0.0005917549133300781,
    "seed": 100,
    "val_acc": 0.96875
  },
  {
    "id": "454ea1b7-bfb1-4a65-a000-c21cbe9b9ef4",
    "validity": true,
    "prob_valid": 1.0,
    "seed": 100,
    "val_acc": 0.96875
  },
  {
    "id": "efa6cac1-2f25-4499-a8c3-270cd761f39b",
    "validity": false,
    "prob_valid": 5.0067901611328125e-06,
    "seed": 100,
    "val_acc": 0.96875
  },
  {
    "id": "38d24800-8f0e-443d-97ee-1893f3706ea3",
    "validity": true,
    "prob_valid": 0.986328125,
    "seed": 100,
    "val_acc": 0.96875
  },
  {
    "id": "6094bd10-5daf-4a42-8eab-e2f321d0562c",
    "validity": false,
    "prob_valid": 2.5033950805664062e-06,
    "seed": 100,
    "val_acc": 0.96875
  },
  {
    "id": "7871929a-81a2-40c8-b515-2af727c44b13",
    "validity": false,
    "prob_valid": 3.3855438232421875e-05,
    "seed": 100,
    "val_acc": 0.96875
  },
  {
    "id": "003e3990-3141-4a4f-bbb2-8d496df84710",
    "validity": true,
    "prob_valid": 1.0,
    "seed": 100,
    "val_acc": 0.96875
  },
  {
    "id": "362cdfd6-8602-406f-ac7a-bc837fa96545",
    "validity": false,
    "prob_valid": 0.002628326416015625,
    "seed": 100,
    "val_acc": 0.96875
  },
  {
    "id": "a50d01a9-97f3-4c5d-a89a-b5f18f91c8b8",
    "validity": true,
    "prob_valid": 0.98828125,
    "seed": 100,
    "val_acc": 0.96875
  },
  {
    "id": "aba58977-4f05-4852-a433-720010a97208",
    "validity": true,
    "prob_valid": 1.0,
    "seed": 100,
    "val_acc": 0.96875
  },
  {
    "id": "d7957921-d384-41d5-aec4-ae0fd8c458a4",
    "validity": false,
    "prob_valid": 3.159046173095703e-06,
    "seed": 100,
    "val_acc": 0.96875
  },
  {
    "id": "9f78a37a-81a8-426d-b524-d824fbeceab0",
    "validity": false,
    "prob_valid": 1.1146068572998047e-05,
    "seed": 100,
    "val_acc": 0.96875
  },
  {
    "id": "b531ac79-36f1-49eb-86bb-3f5ef506b585",
    "validity": false,
    "prob_valid": 4.947185516357422e-06,
    "seed": 100,
    "val_acc": 0.96875
  },
  {
    "id": "d63b3aff-77cd-4c65-9417-be63ce1c733b",
    "validity": false,
    "prob_valid": 1.1086463928222656e-05,
    "seed": 100,
    "val_acc": 0.96875
  },
  {
    "id": "3167dc72-56e1-47ad-8a27-e9883d7cb917",
    "validity": false,
    "prob_valid": 1.7285346984863281e-06,
    "seed": 100,
    "val_acc": 0.96875
  },
  {
    "id": "be9f522b-b67e-4107-a9b0-76ae2c1672bc",
    "validity": true,
    "prob_valid": 1.0,
    "seed": 100,
    "val_acc": 0.96875
  },
  {
    "id": "50b2444b-686f-487c-8e11-e76b4126b8ff",
    "validity": false,
    "prob_valid": 2.2411346435546875e-05,
    "seed": 100,
    "val_acc": 0.96875
  },
  {
    "id": "e1a54f18-8d34-4a45-ae80-85de65382e9d",
    "validity": true,
    "prob_valid": 1.0,
    "seed": 100,
    "val_acc": 0.96875
  },
  {
    "id": "5f8d85f1-6ffc-47d1-bb8b-bcba0dca1a9d",
    "validity": true,
    "prob_valid": 0.9970703125,
    "seed": 100,
    "val_acc": 0.96875
  },
  {
    "id": "eb316e9a-bfaa-484e-934b-26203731767c",
    "validity": true,
    "prob_valid": 1.0,
    "seed": 100,
    "val_acc": 0.96875
  },
  {
    "id": "245192ce-465d-4f70-8808-b8f3ed933095",
    "validity": true,
    "prob_valid": 0.99853515625,
    "seed": 100,
    "val_acc": 0.96875
  },
  {
    "id": "7595f31f-4f04-42c1-83e4-891c2aa9ddd4",
    "validity": false,
    "prob_valid": 0.00015723705291748047,
    "seed": 100,
    "val_acc": 0.96875
  },
  {
    "id": "7d736cba-aa56-4da6-af1c-a7a5a62a213c",
    "validity": true,
    "prob_valid": 0.90576171875,
    "seed": 100,
    "val_acc": 0.96875
  },
  {
    "id": "3277e556-ec97-447f-8c23-97bdcf9a2b5d",
    "validity": false,
    "prob_valid": 2.4139881134033203e-05,
    "seed": 100,
    "val_acc": 0.96875
  },
  {
    "id": "049d61bb-cd42-4142-a99a-154d048e2073",
    "validity": true,
    "prob_valid": 1.0,
    "seed": 100,
    "val_acc": 0.96875
  },
  {
    "id": "3628765c-fee6-4acf-8209-532629663003",
    "validity": true,
    "prob_valid": 1.0,
    "seed": 100,
    "val_acc": 0.96875
  },
  {
    "id": "fd7eed56-3886-40c5-b22d-627e7434e507",
    "validity": true,
    "prob_valid": 1.0,
    "seed": 100,
    "val_acc": 0.96875
  },
  {
    "id": "8dcec24c-8e0d-4c22-9ecc-5134f3c59fa8",
    "validity": false,
    "prob_valid": 3.874301910400391e-06,
    "seed": 100,
    "val_acc": 0.96875
  },
  {
    "id": "5c2f4196-2ce4-41dd-a456-8a5198ba465f",
    "validity": true,
    "prob_valid": 0.9931640625,
    "seed": 100,
    "val_acc": 0.96875
  },
  {
    "id": "85dd382a-22e5-4c21-9218-33228012e4ad",
    "validity": true,
    "prob_valid": 1.0,
    "seed": 100,
    "val_acc": 0.96875
  },
  {
    "id": "48a96158-28f0-4e60-8802-3a7a9767cacb",
    "validity": false,
    "prob_valid": 8.881092071533203e-06,
    "seed": 100,
    "val_acc": 0.96875
  },
  {
    "id": "c232d8c7-8f29-46bc-8f5c-bdfa3c52fcd5",
    "validity": false,
    "prob_valid": 4.029273986816406e-05,
    "seed": 100,
    "val_acc": 0.96875
  },
  {
    "id": "3f88e8d0-dd4c-45d8-8a75-02835b5a0c49",
    "validity": false,
    "prob_valid": 4.267692565917969e-05,
    "seed": 100,
    "val_acc": 0.96875
  },
  {
    "id": "04996853-61fd-42a9-a624-55022231c633",
    "validity": false,
    "prob_valid": 0.10382080078125,
    "seed": 100,
    "val_acc": 0.96875
  },
  {
    "id": "7260bc88-c604-4113-a75e-939ae8166676",
    "validity": true,
    "prob_valid": 1.0,
    "seed": 100,
    "val_acc": 0.96875
  },
  {
    "id": "10541e1f-8a1c-4e7b-8d84-fab0d65b94d8",
    "validity": true,
    "prob_valid": 0.994140625,
    "seed": 100,
    "val_acc": 0.96875
  },
  {
    "id": "7d9df7e7-eedb-44f5-8061-30b0a2a98db4",
    "validity": false,
    "prob_valid": 1.0728836059570312e-06,
    "seed": 100,
    "val_acc": 0.96875
  },
  {
    "id": "96909dbd-70b8-4360-8b69-b7e32471b429",
    "validity": true,
    "prob_valid": 1.0,
    "seed": 100,
    "val_acc": 0.96875
  },
  {
    "id": "806e7a11-8342-4dbe-a927-d0e806a4b20b",
    "validity": false,
    "prob_valid": 2.384185791015625e-06,
    "seed": 100,
    "val_acc": 0.96875
  },
  {
    "id": "1d818034-9835-4fad-8d0f-d5c83e7597df",
    "validity": true,
    "prob_valid": 1.0,
    "seed": 100,
    "val_acc": 0.96875
  },
  {
    "id": "8718088f-3491-4a7e-a2ce-7152317990f5",
    "validity": true,
    "prob_valid": 0.99169921875,
    "seed": 100,
    "val_acc": 0.96875
  },
  {
    "id": "129109ba-a60f-4fb7-a8d3-341580fffe0c",
    "validity": true,
    "prob_valid": 0.58837890625,
    "seed": 100,
    "val_acc": 0.96875
  },
  {
    "id": "b1ee7c4f-fb73-4e19-a675-7577cb81bc0c",
    "validity": false,
    "prob_valid": 3.5762786865234375e-07,
    "seed": 100,
    "val_acc": 0.96875
  },
  {
    "id": "652a6a0e-cef2-4cd8-8562-e4c78589d320",
    "validity": false,
    "prob_valid": 1.0311603546142578e-05,
    "seed": 100,
    "val_acc": 0.96875
  },
  {
    "id": "5934014e-aec0-442f-8a04-abddc9379cfc",
    "validity": false,
    "prob_valid": 1.138448715209961e-05,
    "seed": 100,
    "val_acc": 0.96875
  },
  {
    "id": "723a274a-a4ff-47f5-8a4f-0cf42e554a5a",
    "validity": false,
    "prob_valid": 7.152557373046875e-07,
    "seed": 100,
    "val_acc": 0.96875
  },
  {
    "id": "49939bf4-a4ca-43c7-97c6-463a7ab2a653",
    "validity": true,
    "prob_valid": 0.994140625,
    "seed": 100,
    "val_acc": 0.96875
  },
  {
    "id": "6d615c95-bbcf-4b0d-b41b-1763fa186ab8",
    "validity": false,
    "prob_valid": 0.00017714500427246094,
    "seed": 100,
    "val_acc": 0.96875
  },
  {
    "id": "cada4d49-02a3-4dc0-b207-88f4b7b29596",
    "validity": true,
    "prob_valid": 0.99951171875,
    "seed": 100,
    "val_acc": 0.96875
  },
  {
    "id": "88cbe1ec-a2be-40ca-9f5f-db71a17fba20",
    "validity": false,
    "prob_valid": 1.6689300537109375e-06,
    "seed": 100,
    "val_acc": 0.96875
  },
  {
    "id": "03ac9985-ef97-4bab-974b-e75918cf6c05",
    "validity": false,
    "prob_valid": 7.033348083496094e-06,
    "seed": 100,
    "val_acc": 0.96875
  },
  {
    "id": "87c94990-9984-4e95-8bc2-6d04038fc550",
    "validity": true,
    "prob_valid": 0.99951171875,
    "seed": 100,
    "val_acc": 0.96875
  },
  {
    "id": "a5992a44-d98f-46f0-831e-bddd22281a67",
    "validity": true,
    "prob_valid": 0.99951171875,
    "seed": 100,
    "val_acc": 0.96875
  },
  {
    "id": "79d80652-f46b-46f0-aa71-9d23c95901bf",
    "validity": false,
    "prob_valid": 9.5367431640625e-07,
    "seed": 100,
    "val_acc": 0.96875
  }
]